PRAGMA foreign_keys=OFF;
BEGIN TRANSACTION;
CREATE TABLE IF NOT EXISTS "django_migrations" ("id" integer NOT NULL PRIMARY KEY AUTOINCREMENT, "app" varchar(255) NOT NULL, "name" varchar(255) NOT NULL, "applied" datetime NOT NULL);
INSERT INTO django_migrations VALUES(1,'contenttypes','0001_initial','2018-04-08 13:11:27.504162');
INSERT INTO django_migrations VALUES(2,'auth','0001_initial','2018-04-08 13:11:27.705027');
INSERT INTO django_migrations VALUES(3,'admin','0001_initial','2018-04-08 13:11:27.961547');
INSERT INTO django_migrations VALUES(4,'admin','0002_logentry_remove_auto_add','2018-04-08 13:11:28.151280');
INSERT INTO django_migrations VALUES(5,'contenttypes','0002_remove_content_type_name','2018-04-08 13:11:28.348927');
INSERT INTO django_migrations VALUES(6,'auth','0002_alter_permission_name_max_length','2018-04-08 13:11:28.548629');
INSERT INTO django_migrations VALUES(7,'auth','0003_alter_user_email_max_length','2018-04-08 13:11:28.777945');
INSERT INTO django_migrations VALUES(8,'auth','0004_alter_user_username_opts','2018-04-08 13:11:28.981050');
INSERT INTO django_migrations VALUES(9,'auth','0005_alter_user_last_login_null','2018-04-08 13:11:29.180789');
INSERT INTO django_migrations VALUES(10,'auth','0006_require_contenttypes_0002','2018-04-08 13:11:29.275852');
INSERT INTO django_migrations VALUES(11,'auth','0007_alter_validators_add_error_messages','2018-04-08 13:11:29.447036');
INSERT INTO django_migrations VALUES(12,'auth','0008_alter_user_username_max_length','2018-04-08 13:11:29.635579');
INSERT INTO django_migrations VALUES(13,'auth','0009_alter_user_last_name_max_length','2018-04-08 13:11:29.824330');
INSERT INTO django_migrations VALUES(14,'sessions','0001_initial','2018-04-08 13:11:30.048788');
INSERT INTO django_migrations VALUES(15,'blog','0001_initial','2018-04-08 13:26:11.148577');
INSERT INTO django_migrations VALUES(16,'blog','0002_auto_20180413_0618','2018-04-13 06:19:01.652103');
INSERT INTO django_migrations VALUES(17,'blog','0003_auto_20180416_0711','2018-04-16 07:11:25.318541');
INSERT INTO django_migrations VALUES(18,'blog','0004_auto_20180416_0747','2018-04-16 07:47:20.684439');
INSERT INTO django_migrations VALUES(19,'blog','0005_blog_readed_num','2018-04-16 08:25:45.588039');
INSERT INTO django_migrations VALUES(20,'read_recoder','0001_initial','2018-04-16 11:29:09.946386');
INSERT INTO django_migrations VALUES(21,'blog','0006_auto_20180416_1146','2018-04-16 11:46:15.700858');
INSERT INTO django_migrations VALUES(22,'read_recoder','0002_auto_20180416_1146','2018-04-16 11:46:15.907192');
INSERT INTO django_migrations VALUES(23,'read_recoder','0003_readdetail','2018-04-17 09:43:14.718195');
INSERT INTO django_migrations VALUES(24,'comment','0001_initial','2018-04-19 01:19:17.645599');
INSERT INTO django_migrations VALUES(25,'comment','0002_auto_20180419_0941','2018-04-19 09:41:06.226768');
INSERT INTO django_migrations VALUES(26,'comment','0003_auto_20180419_0944','2018-04-19 09:59:34.889697');
INSERT INTO django_migrations VALUES(27,'comment','0004_auto_20180419_0945','2018-04-19 09:59:35.155933');
INSERT INTO django_migrations VALUES(28,'comment','0005_auto_20180423_0321','2018-04-23 03:21:48.421521');
CREATE TABLE IF NOT EXISTS "auth_group" ("id" integer NOT NULL PRIMARY KEY AUTOINCREMENT, "name" varchar(80) NOT NULL UNIQUE);
CREATE TABLE IF NOT EXISTS "auth_group_permissions" ("id" integer NOT NULL PRIMARY KEY AUTOINCREMENT, "group_id" integer NOT NULL REFERENCES "auth_group" ("id") DEFERRABLE INITIALLY DEFERRED, "permission_id" integer NOT NULL REFERENCES "auth_permission" ("id") DEFERRABLE INITIALLY DEFERRED);
CREATE TABLE IF NOT EXISTS "auth_user_groups" ("id" integer NOT NULL PRIMARY KEY AUTOINCREMENT, "user_id" integer NOT NULL REFERENCES "auth_user" ("id") DEFERRABLE INITIALLY DEFERRED, "group_id" integer NOT NULL REFERENCES "auth_group" ("id") DEFERRABLE INITIALLY DEFERRED);
CREATE TABLE IF NOT EXISTS "auth_user_user_permissions" ("id" integer NOT NULL PRIMARY KEY AUTOINCREMENT, "user_id" integer NOT NULL REFERENCES "auth_user" ("id") DEFERRABLE INITIALLY DEFERRED, "permission_id" integer NOT NULL REFERENCES "auth_permission" ("id") DEFERRABLE INITIALLY DEFERRED);
CREATE TABLE IF NOT EXISTS "django_admin_log" ("id" integer NOT NULL PRIMARY KEY AUTOINCREMENT, "object_id" text NULL, "object_repr" varchar(200) NOT NULL, "action_flag" smallint unsigned NOT NULL, "change_message" text NOT NULL, "content_type_id" integer NULL REFERENCES "django_content_type" ("id") DEFERRABLE INITIALLY DEFERRED, "user_id" integer NOT NULL REFERENCES "auth_user" ("id") DEFERRABLE INITIALLY DEFERRED, "action_time" datetime NOT NULL);
INSERT INTO django_admin_log VALUES(1,'1','BlogType object (1)',1,'[{"added": {}}]',7,1,'2018-04-08 13:48:45.068416');
INSERT INTO django_admin_log VALUES(2,'2','BlogType object (2)',1,'[{"added": {}}]',7,1,'2018-04-08 13:48:50.885391');
INSERT INTO django_admin_log VALUES(3,'3','BlogType object (3)',1,'[{"added": {}}]',7,1,'2018-04-08 13:48:55.631143');
INSERT INTO django_admin_log VALUES(4,'4','BlogType object (4)',1,'[{"added": {}}]',7,1,'2018-04-08 13:49:05.615639');
INSERT INTO django_admin_log VALUES(5,'1','<Blog:第一篇文章>',1,'[{"added": {}}]',8,1,'2018-04-08 14:01:44.643108');
INSERT INTO django_admin_log VALUES(6,'2','<Blog:第二篇>',1,'[{"added": {}}]',8,1,'2018-04-09 01:29:36.306403');
INSERT INTO django_admin_log VALUES(7,'3','<Blog:长内容博客>',1,'[{"added": {}}]',8,1,'2018-04-09 01:48:43.140032');
INSERT INTO django_admin_log VALUES(8,'4','<Blog:段友>',1,'[{"added": {}}]',8,1,'2018-04-10 13:41:53.910988');
INSERT INTO django_admin_log VALUES(9,'33','<Blog:创建多篇文章for 29>',2,'[{"changed": {"fields": ["content"]}}]',8,1,'2018-04-16 07:42:27.052117');
INSERT INTO django_admin_log VALUES(10,'33','<Blog:创建多篇文章for 29>',2,'[{"changed": {"fields": ["content"]}}]',8,1,'2018-04-16 07:44:14.750177');
INSERT INTO django_admin_log VALUES(11,'33','<Blog:创建多篇文章for 29>',2,'[{"changed": {"fields": ["content"]}}]',8,1,'2018-04-16 07:48:05.274500');
INSERT INTO django_admin_log VALUES(12,'1','ReadNum object (1)',1,'[{"added": {}}]',9,1,'2018-04-16 12:09:36.802058');
INSERT INTO django_admin_log VALUES(13,'1','ReadDetail object (1)',1,'[{"added": {}}]',10,1,'2018-04-17 10:01:19.450275');
INSERT INTO django_admin_log VALUES(14,'9','ReadDetail object (9)',3,'',10,1,'2018-04-18 01:19:35.922747');
INSERT INTO django_admin_log VALUES(15,'1','Comment object (1)',1,'[{"added": {}}]',11,1,'2018-04-19 01:19:54.744447');
INSERT INTO django_admin_log VALUES(16,'1','Comment object (1)',3,'',11,1,'2018-04-19 09:43:48.722465');
INSERT INTO django_admin_log VALUES(17,'5','Comment object (5)',3,'',11,1,'2018-04-19 09:51:47.185386');
INSERT INTO django_admin_log VALUES(18,'4','Comment object (4)',3,'',11,1,'2018-04-19 09:51:47.364965');
INSERT INTO django_admin_log VALUES(19,'3','Comment object (3)',3,'',11,1,'2018-04-19 09:51:47.464933');
INSERT INTO django_admin_log VALUES(20,'2','Comment object (2)',3,'',11,1,'2018-04-19 09:51:47.563672');
INSERT INTO django_admin_log VALUES(21,'6','Comment object (6)',3,'',11,1,'2018-04-19 09:52:16.996762');
INSERT INTO django_admin_log VALUES(22,'1','Comment object (1)',3,'',11,1,'2018-04-19 10:00:51.935887');
INSERT INTO django_admin_log VALUES(23,'2','Comment object (2)',3,'',11,1,'2018-04-19 11:32:09.375163');
INSERT INTO django_admin_log VALUES(24,'3','Comment object (3)',3,'',11,1,'2018-04-19 11:44:35.904661');
INSERT INTO django_admin_log VALUES(25,'1','lxk',2,'[{"changed": {"fields": ["password"]}}]',4,3,'2018-09-12 12:41:03.812523');
INSERT INTO django_admin_log VALUES(26,'34','<Blog:新的博客>',1,'[{"added": {}}]',8,1,'2018-09-13 12:03:05.530656');
INSERT INTO django_admin_log VALUES(27,'5','这是我的第一篇博客',1,'[{"added": {}}]',7,3,'2018-09-13 13:50:56.237418');
INSERT INTO django_admin_log VALUES(28,'5','这是我的第一篇博客',3,'',7,3,'2018-09-13 13:51:26.834805');
INSERT INTO django_admin_log VALUES(29,'52','ReadDetail object (52)',1,'[{"added": {}}]',10,3,'2018-09-14 06:03:46.079814');
INSERT INTO django_admin_log VALUES(30,'52','ReadDetail object (52)',2,'[{"changed": {"fields": ["read_num"]}}]',10,3,'2018-09-14 06:04:08.389822');
INSERT INTO django_admin_log VALUES(31,'52','ReadDetail object (52)',3,'',10,3,'2018-09-14 06:07:08.506348');
INSERT INTO django_admin_log VALUES(32,'4','<Blog:段友>',3,'',8,3,'2018-09-14 06:26:25.660147');
INSERT INTO django_admin_log VALUES(33,'35','<Blog:笔记>',1,'[{"added": {}}]',8,3,'2018-09-14 06:28:17.939675');
INSERT INTO django_admin_log VALUES(34,'36','<Blog:重写 复数类>',1,'[{"added": {}}]',8,1,'2018-09-14 06:41:08.389074');
CREATE TABLE IF NOT EXISTS "django_content_type" ("id" integer NOT NULL PRIMARY KEY AUTOINCREMENT, "app_label" varchar(100) NOT NULL, "model" varchar(100) NOT NULL);
INSERT INTO django_content_type VALUES(1,'admin','logentry');
INSERT INTO django_content_type VALUES(2,'auth','group');
INSERT INTO django_content_type VALUES(3,'auth','permission');
INSERT INTO django_content_type VALUES(4,'auth','user');
INSERT INTO django_content_type VALUES(5,'contenttypes','contenttype');
INSERT INTO django_content_type VALUES(6,'sessions','session');
INSERT INTO django_content_type VALUES(7,'blog','blogtype');
INSERT INTO django_content_type VALUES(8,'blog','blog');
INSERT INTO django_content_type VALUES(9,'read_recoder','readnum');
INSERT INTO django_content_type VALUES(10,'read_recoder','readdetail');
INSERT INTO django_content_type VALUES(11,'comment','comment');
CREATE TABLE IF NOT EXISTS "auth_permission" ("id" integer NOT NULL PRIMARY KEY AUTOINCREMENT, "content_type_id" integer NOT NULL REFERENCES "django_content_type" ("id") DEFERRABLE INITIALLY DEFERRED, "codename" varchar(100) NOT NULL, "name" varchar(255) NOT NULL);
INSERT INTO auth_permission VALUES(1,1,'add_logentry','Can add log entry');
INSERT INTO auth_permission VALUES(2,1,'change_logentry','Can change log entry');
INSERT INTO auth_permission VALUES(3,1,'delete_logentry','Can delete log entry');
INSERT INTO auth_permission VALUES(4,2,'add_group','Can add group');
INSERT INTO auth_permission VALUES(5,2,'change_group','Can change group');
INSERT INTO auth_permission VALUES(6,2,'delete_group','Can delete group');
INSERT INTO auth_permission VALUES(7,3,'add_permission','Can add permission');
INSERT INTO auth_permission VALUES(8,3,'change_permission','Can change permission');
INSERT INTO auth_permission VALUES(9,3,'delete_permission','Can delete permission');
INSERT INTO auth_permission VALUES(10,4,'add_user','Can add user');
INSERT INTO auth_permission VALUES(11,4,'change_user','Can change user');
INSERT INTO auth_permission VALUES(12,4,'delete_user','Can delete user');
INSERT INTO auth_permission VALUES(13,5,'add_contenttype','Can add content type');
INSERT INTO auth_permission VALUES(14,5,'change_contenttype','Can change content type');
INSERT INTO auth_permission VALUES(15,5,'delete_contenttype','Can delete content type');
INSERT INTO auth_permission VALUES(16,6,'add_session','Can add session');
INSERT INTO auth_permission VALUES(17,6,'change_session','Can change session');
INSERT INTO auth_permission VALUES(18,6,'delete_session','Can delete session');
INSERT INTO auth_permission VALUES(19,7,'add_blogtype','Can add blog type');
INSERT INTO auth_permission VALUES(20,7,'change_blogtype','Can change blog type');
INSERT INTO auth_permission VALUES(21,7,'delete_blogtype','Can delete blog type');
INSERT INTO auth_permission VALUES(22,8,'add_blog','Can add blog');
INSERT INTO auth_permission VALUES(23,8,'change_blog','Can change blog');
INSERT INTO auth_permission VALUES(24,8,'delete_blog','Can delete blog');
INSERT INTO auth_permission VALUES(25,9,'add_read_num','Can add read_ num');
INSERT INTO auth_permission VALUES(26,9,'change_read_num','Can change read_ num');
INSERT INTO auth_permission VALUES(27,9,'delete_read_num','Can delete read_ num');
INSERT INTO auth_permission VALUES(28,9,'add_readnum','Can add read num');
INSERT INTO auth_permission VALUES(29,9,'change_readnum','Can change read num');
INSERT INTO auth_permission VALUES(30,9,'delete_readnum','Can delete read num');
INSERT INTO auth_permission VALUES(31,10,'add_readdetail','Can add read detail');
INSERT INTO auth_permission VALUES(32,10,'change_readdetail','Can change read detail');
INSERT INTO auth_permission VALUES(33,10,'delete_readdetail','Can delete read detail');
INSERT INTO auth_permission VALUES(34,11,'add_comment','Can add comment');
INSERT INTO auth_permission VALUES(35,11,'change_comment','Can change comment');
INSERT INTO auth_permission VALUES(36,11,'delete_comment','Can delete comment');
CREATE TABLE IF NOT EXISTS "auth_user" ("id" integer NOT NULL PRIMARY KEY AUTOINCREMENT, "password" varchar(128) NOT NULL, "last_login" datetime NULL, "is_superuser" bool NOT NULL, "username" varchar(150) NOT NULL UNIQUE, "first_name" varchar(30) NOT NULL, "email" varchar(254) NOT NULL, "is_staff" bool NOT NULL, "is_active" bool NOT NULL, "date_joined" datetime NOT NULL, "last_name" varchar(150) NOT NULL);
INSERT INTO auth_user VALUES(1,'pbkdf2_sha256$120000$kYxurc8gADMF$KK4u5Iyc6HHQs6wSzPZvzzE7SlVYj5HhOWbJpzBkxfw=','2018-09-14 06:39:03.242789',1,'lxk','','',1,1,'2018-04-08 13:22:08.372404','');
INSERT INTO auth_user VALUES(2,'pbkdf2_sha256$100000$FFNailIIGWRf$JL6Mpf2439Nzbeplt+W32yvSXlYTK/yLJ4PtOBHgGlY=','2018-04-23 03:02:47.605182',0,'111','','1@qq.com',0,1,'2018-04-23 03:02:46.915475','');
INSERT INTO auth_user VALUES(3,'pbkdf2_sha256$120000$wErYPESMb3mB$dcgdarL1HK/qz4aDKcNsv2PC14lAid0HCQMC6xs2I9o=','2018-09-14 01:39:38.527879',1,'liukang','','163@qq.com',1,1,'2018-09-12 12:39:00.401082','');
INSERT INTO auth_user VALUES(4,'pbkdf2_sha256$120000$eT0mV0VOVyoZ$Jdna4nBarXo6HBsBZbjwG+xyjQ76k1wLaKIwgHi18gQ=','2018-09-13 12:39:09.772497',0,'shihao','','249083992@qq.com',0,1,'2018-09-13 12:39:09.529256','');
INSERT INTO auth_user VALUES(5,'pbkdf2_sha256$120000$L0fEYdwYtfq5$lFNtXM0/DSOEFok7GddpM2aixsLGH4Bcns6DgNlORys=','2018-09-13 13:23:59.824226',0,'cice','','cice.sias@qq.com',0,1,'2018-09-13 13:23:59.152405','');
INSERT INTO auth_user VALUES(6,'pbkdf2_sha256$120000$lfuqEicReYcg$P5UZb6+Km0ahqiXRwVIIvyEx4DxDi/qtf62B2MJhLoE=','2018-09-14 06:30:06.798786',0,'1234','','12345@qq.com',0,1,'2018-09-14 06:30:06.243751','');
CREATE TABLE IF NOT EXISTS "django_session" ("session_key" varchar(40) NOT NULL PRIMARY KEY, "session_data" text NOT NULL, "expire_date" datetime NOT NULL);
INSERT INTO django_session VALUES('q0ilqwnw0wrtef1up7k2mxygb61vfrva','N2VlOWZlMjQzMjYxNTc5OGU2ODY1MjgzN2VjOTg0OTJjZDk3YjllNTp7Il9hdXRoX3VzZXJfaGFzaCI6IjE2MTZkZDVlNWMzY2U0YTJhMGIxMDcxNjE0ODU0YTlkM2UyYzc2NmUiLCJfYXV0aF91c2VyX2JhY2tlbmQiOiJkamFuZ28uY29udHJpYi5hdXRoLmJhY2tlbmRzLk1vZGVsQmFja2VuZCIsIl9hdXRoX3VzZXJfaWQiOiIxIn0=','2018-04-22 13:40:43.246852');
INSERT INTO django_session VALUES('9zs2ltnoqvdieoni3weqe1ne4p1zxdi9','YWFmODQ3Mzg5NDA1ZGU3NDU1M2YwN2MzOWY0Mjk3ZjQzOWUxZjU0Yzp7Il9hdXRoX3VzZXJfYmFja2VuZCI6ImRqYW5nby5jb250cmliLmF1dGguYmFja2VuZHMuTW9kZWxCYWNrZW5kIiwiX2F1dGhfdXNlcl9oYXNoIjoiMTYxNmRkNWU1YzNjZTRhMmEwYjEwNzE2MTQ4NTRhOWQzZTJjNzY2ZSIsIl9hdXRoX3VzZXJfaWQiOiIxIn0=','2018-04-24 13:41:23.668416');
INSERT INTO django_session VALUES('qaw3xqa3q4dbhg9ynhwwksrfgg01m4bw','ZWRlMjQ5ZDhkYWU3MjhkYTg5YzY5NGNlOWMyOWE3ZmJmZTk4NmQxNzp7fQ==','2018-05-03 02:39:40.178411');
INSERT INTO django_session VALUES('lg657oh9y2sj1ekrbwmhk8zm5q926016','ZWRlMjQ5ZDhkYWU3MjhkYTg5YzY5NGNlOWMyOWE3ZmJmZTk4NmQxNzp7fQ==','2018-05-03 02:40:18.901935');
INSERT INTO django_session VALUES('piujad37he3f1zxzvb4tjzd02vi6gsg2','ZWRlMjQ5ZDhkYWU3MjhkYTg5YzY5NGNlOWMyOWE3ZmJmZTk4NmQxNzp7fQ==','2018-05-04 01:47:56.029225');
INSERT INTO django_session VALUES('exqlz8xwuyn2vxg5uvjuij0353lt1vux','ZWRlMjQ5ZDhkYWU3MjhkYTg5YzY5NGNlOWMyOWE3ZmJmZTk4NmQxNzp7fQ==','2018-05-04 01:58:29.796998');
INSERT INTO django_session VALUES('6pgg7u4wj8fklpmp0e9uc8uknyvki91x','ZWRlMjQ5ZDhkYWU3MjhkYTg5YzY5NGNlOWMyOWE3ZmJmZTk4NmQxNzp7fQ==','2018-05-04 02:01:10.340214');
INSERT INTO django_session VALUES('56rdqwvcqiol2hq7sp6xcx1isndsdka6','ZWRlMjQ5ZDhkYWU3MjhkYTg5YzY5NGNlOWMyOWE3ZmJmZTk4NmQxNzp7fQ==','2018-05-04 02:28:49.762773');
INSERT INTO django_session VALUES('7qi94q1bqz4w48xixt4wwwv0qnrsjly5','ZWRlMjQ5ZDhkYWU3MjhkYTg5YzY5NGNlOWMyOWE3ZmJmZTk4NmQxNzp7fQ==','2018-05-04 03:37:13.031683');
INSERT INTO django_session VALUES('rfjb9ngsltt1if06hpdpjxc36j8x66qt','ZWRlMjQ5ZDhkYWU3MjhkYTg5YzY5NGNlOWMyOWE3ZmJmZTk4NmQxNzp7fQ==','2018-05-06 07:11:56.461630');
INSERT INTO django_session VALUES('ds9soosgwhf3s4ygl9w93k0400cpsbqs','ZWRlMjQ5ZDhkYWU3MjhkYTg5YzY5NGNlOWMyOWE3ZmJmZTk4NmQxNzp7fQ==','2018-05-06 07:14:20.799178');
INSERT INTO django_session VALUES('87apwr59hoa4lm56jgvcyuebmz0y96va','ZWRlMjQ5ZDhkYWU3MjhkYTg5YzY5NGNlOWMyOWE3ZmJmZTk4NmQxNzp7fQ==','2018-05-06 08:15:31.698837');
INSERT INTO django_session VALUES('6azxokw3jaku0cmm8uho6cudd4rmchtb','ZWRlMjQ5ZDhkYWU3MjhkYTg5YzY5NGNlOWMyOWE3ZmJmZTk4NmQxNzp7fQ==','2018-05-06 08:16:33.653780');
INSERT INTO django_session VALUES('4d1mm80mon5kuzosr9dnulsi15kh5rw3','ZWRlMjQ5ZDhkYWU3MjhkYTg5YzY5NGNlOWMyOWE3ZmJmZTk4NmQxNzp7fQ==','2018-05-06 08:30:30.066312');
INSERT INTO django_session VALUES('r40j7rc80ugaeoxd6erh73gdx3ulusqm','ZWRlMjQ5ZDhkYWU3MjhkYTg5YzY5NGNlOWMyOWE3ZmJmZTk4NmQxNzp7fQ==','2018-05-06 08:34:04.544614');
INSERT INTO django_session VALUES('0c77d6wl4ganhmmkpjq629n7p8p274o1','ZWRlMjQ5ZDhkYWU3MjhkYTg5YzY5NGNlOWMyOWE3ZmJmZTk4NmQxNzp7fQ==','2018-05-06 08:38:06.730061');
INSERT INTO django_session VALUES('iqjk87p0zct0enzvgmuixn0es9709vql','ZWRlMjQ5ZDhkYWU3MjhkYTg5YzY5NGNlOWMyOWE3ZmJmZTk4NmQxNzp7fQ==','2018-05-06 08:41:45.513521');
INSERT INTO django_session VALUES('aeco6uyxtx8fduau6f7e3lcg6yuanoyw','YzlmNmFmMzJkYzM3NmU2ZjE0Y2ZhMGU0ZGJmMjA1MmU4YjQxZTNlMzp7Il9hdXRoX3VzZXJfYmFja2VuZCI6ImRqYW5nby5jb250cmliLmF1dGguYmFja2VuZHMuTW9kZWxCYWNrZW5kIiwiX2F1dGhfdXNlcl9pZCI6IjEiLCJfYXV0aF91c2VyX2hhc2giOiIxNjE2ZGQ1ZTVjM2NlNGEyYTBiMTA3MTYxNDg1NGE5ZDNlMmM3NjZlIn0=','2018-05-06 08:42:26.578865');
INSERT INTO django_session VALUES('n1i6kk7rfrjhn68hyjplceh06c32l4ke','YWFmODQ3Mzg5NDA1ZGU3NDU1M2YwN2MzOWY0Mjk3ZjQzOWUxZjU0Yzp7Il9hdXRoX3VzZXJfYmFja2VuZCI6ImRqYW5nby5jb250cmliLmF1dGguYmFja2VuZHMuTW9kZWxCYWNrZW5kIiwiX2F1dGhfdXNlcl9oYXNoIjoiMTYxNmRkNWU1YzNjZTRhMmEwYjEwNzE2MTQ4NTRhOWQzZTJjNzY2ZSIsIl9hdXRoX3VzZXJfaWQiOiIxIn0=','2018-05-07 03:13:58.008686');
INSERT INTO django_session VALUES('plqi96h7wh01afvo0e2c6h75vnn2lif9','OTUyYjY1ZTJjNDJlZmE3YTUxZmJjYjRlMTY3ZGRiYzgzZTJmOTdhNDp7Il9hdXRoX3VzZXJfaWQiOiIxIiwiX2F1dGhfdXNlcl9iYWNrZW5kIjoiZGphbmdvLmNvbnRyaWIuYXV0aC5iYWNrZW5kcy5Nb2RlbEJhY2tlbmQiLCJfYXV0aF91c2VyX2hhc2giOiI0NDJlOWM2N2MwNzRkM2ExYjBkMWViZmFhNWI2Mzk2MmMzMzNjOTQ3In0=','2018-09-26 12:41:12.359882');
INSERT INTO django_session VALUES('txo8dnl6ip6aj62ummmhg7kaqkypsvcj','NmVjYjM2ZWY5ZmQyYWUyYTM5MzQ4ZDAwNWVlMTIxOTdjOTk3YjUyMTp7Il9hdXRoX3VzZXJfaGFzaCI6IjQ0MmU5YzY3YzA3NGQzYTFiMGQxZWJmYWE1YjYzOTYyYzMzM2M5NDciLCJfYXV0aF91c2VyX2JhY2tlbmQiOiJkamFuZ28uY29udHJpYi5hdXRoLmJhY2tlbmRzLk1vZGVsQmFja2VuZCIsIl9hdXRoX3VzZXJfaWQiOiIxIn0=','2018-09-27 07:27:15.379092');
INSERT INTO django_session VALUES('4foc9860p4oh1go4l4dxpklgokzxznoj','ZGNkOGRlZjQ3NzQ3ZWUwNTczZjkxYzdjMzhiZmViMjMyNmJmY2U4ZDp7Il9hdXRoX3VzZXJfYmFja2VuZCI6ImRqYW5nby5jb250cmliLmF1dGguYmFja2VuZHMuTW9kZWxCYWNrZW5kIiwiX2F1dGhfdXNlcl9oYXNoIjoiNDQyZTljNjdjMDc0ZDNhMWIwZDFlYmZhYTViNjM5NjJjMzMzYzk0NyIsIl9hdXRoX3VzZXJfaWQiOiIxIn0=','2018-09-27 09:48:27.891769');
INSERT INTO django_session VALUES('sfz1tmr3zlpmuwy2v14l5mwad8r1xhrx','ZGNkOGRlZjQ3NzQ3ZWUwNTczZjkxYzdjMzhiZmViMjMyNmJmY2U4ZDp7Il9hdXRoX3VzZXJfYmFja2VuZCI6ImRqYW5nby5jb250cmliLmF1dGguYmFja2VuZHMuTW9kZWxCYWNrZW5kIiwiX2F1dGhfdXNlcl9oYXNoIjoiNDQyZTljNjdjMDc0ZDNhMWIwZDFlYmZhYTViNjM5NjJjMzMzYzk0NyIsIl9hdXRoX3VzZXJfaWQiOiIxIn0=','2018-09-27 12:05:15.173019');
INSERT INTO django_session VALUES('uqoclctg26435g4u8hnzp4tdraij2ehq','ZGNkOGRlZjQ3NzQ3ZWUwNTczZjkxYzdjMzhiZmViMjMyNmJmY2U4ZDp7Il9hdXRoX3VzZXJfYmFja2VuZCI6ImRqYW5nby5jb250cmliLmF1dGguYmFja2VuZHMuTW9kZWxCYWNrZW5kIiwiX2F1dGhfdXNlcl9oYXNoIjoiNDQyZTljNjdjMDc0ZDNhMWIwZDFlYmZhYTViNjM5NjJjMzMzYzk0NyIsIl9hdXRoX3VzZXJfaWQiOiIxIn0=','2018-09-27 12:06:07.205869');
INSERT INTO django_session VALUES('z0nbj8g5mnvaoz6chc6rfkr4i0tjy92y','NWQ0YzQ4NjZhZGVmOGRmY2I1OTFiYzJmZDk2ZGNlZTkyNDJiZDM0OTp7Il9hdXRoX3VzZXJfYmFja2VuZCI6ImRqYW5nby5jb250cmliLmF1dGguYmFja2VuZHMuTW9kZWxCYWNrZW5kIiwiX2F1dGhfdXNlcl9oYXNoIjoiOWQ2Njc3ODA2YTQ5ZTJmMDZmNmUwYTc1Y2QwYzQxNWY4MTc1NTQ3YiIsIl9hdXRoX3VzZXJfaWQiOiI0In0=','2018-09-27 12:39:09.778026');
INSERT INTO django_session VALUES('5am4v7a32z1uvihyyi4shlrokwmfvgb3','MzgyZmI1MTcwZWEzMTUxYWE2NGY2YWRiOGE4Mjc1ODAzN2I0YTI3YTp7Il9hdXRoX3VzZXJfaWQiOiIzIiwiX2F1dGhfdXNlcl9iYWNrZW5kIjoiZGphbmdvLmNvbnRyaWIuYXV0aC5iYWNrZW5kcy5Nb2RlbEJhY2tlbmQiLCJfYXV0aF91c2VyX2hhc2giOiJjNjk2NDBjOWE1Mzc2OTY1NTk3Y2UxZTBkOTgxYTA4YmI4YzRjZGU3In0=','2018-09-27 13:50:28.753226');
INSERT INTO django_session VALUES('ifrsmpi0pkutze4i8iuzler04cv81j6s','MGMzM2M4MWYzMTdhOTVmOGZmYWFjYWVkNDc5NzY2NjY0MmU2ODhiMTp7Il9hdXRoX3VzZXJfYmFja2VuZCI6ImRqYW5nby5jb250cmliLmF1dGguYmFja2VuZHMuTW9kZWxCYWNrZW5kIiwiX2F1dGhfdXNlcl9pZCI6IjEiLCJfYXV0aF91c2VyX2hhc2giOiI0NDJlOWM2N2MwNzRkM2ExYjBkMWViZmFhNWI2Mzk2MmMzMzNjOTQ3In0=','2018-09-28 06:37:03.987966');
INSERT INTO django_session VALUES('borgt654svejkdinrnemvu4elpaseplo','ZGNkOGRlZjQ3NzQ3ZWUwNTczZjkxYzdjMzhiZmViMjMyNmJmY2U4ZDp7Il9hdXRoX3VzZXJfYmFja2VuZCI6ImRqYW5nby5jb250cmliLmF1dGguYmFja2VuZHMuTW9kZWxCYWNrZW5kIiwiX2F1dGhfdXNlcl9oYXNoIjoiNDQyZTljNjdjMDc0ZDNhMWIwZDFlYmZhYTViNjM5NjJjMzMzYzk0NyIsIl9hdXRoX3VzZXJfaWQiOiIxIn0=','2018-09-28 06:39:03.352462');
CREATE TABLE IF NOT EXISTS "blog_blogtype" ("id" integer NOT NULL PRIMARY KEY AUTOINCREMENT, "type_name" varchar(15) NOT NULL);
INSERT INTO blog_blogtype VALUES(1,'Django');
INSERT INTO blog_blogtype VALUES(2,'随笔');
INSERT INTO blog_blogtype VALUES(3,'感悟');
INSERT INTO blog_blogtype VALUES(4,'C/C++');
CREATE TABLE IF NOT EXISTS "read_recoder_readnum" ("id" integer NOT NULL PRIMARY KEY AUTOINCREMENT, "read_num" integer NOT NULL, "object_id" integer unsigned NOT NULL, "content_type_id" integer NOT NULL REFERENCES "django_content_type" ("id") DEFERRABLE INITIALLY DEFERRED);
INSERT INTO read_recoder_readnum VALUES(1,24,33,8);
INSERT INTO read_recoder_readnum VALUES(2,6,30,8);
INSERT INTO read_recoder_readnum VALUES(3,5,28,8);
INSERT INTO read_recoder_readnum VALUES(4,11,29,8);
INSERT INTO read_recoder_readnum VALUES(5,2,26,8);
INSERT INTO read_recoder_readnum VALUES(6,10,32,8);
INSERT INTO read_recoder_readnum VALUES(7,4,31,8);
INSERT INTO read_recoder_readnum VALUES(8,1,18,8);
INSERT INTO read_recoder_readnum VALUES(9,1,2,8);
INSERT INTO read_recoder_readnum VALUES(10,1,19,8);
INSERT INTO read_recoder_readnum VALUES(11,1,20,8);
INSERT INTO read_recoder_readnum VALUES(12,1,16,8);
INSERT INTO read_recoder_readnum VALUES(13,2,13,8);
INSERT INTO read_recoder_readnum VALUES(14,1,21,8);
INSERT INTO read_recoder_readnum VALUES(15,1,17,8);
INSERT INTO read_recoder_readnum VALUES(16,1,7,8);
INSERT INTO read_recoder_readnum VALUES(17,1,22,8);
INSERT INTO read_recoder_readnum VALUES(18,7,23,8);
INSERT INTO read_recoder_readnum VALUES(19,2,24,8);
INSERT INTO read_recoder_readnum VALUES(20,1,25,8);
INSERT INTO read_recoder_readnum VALUES(21,3,27,8);
INSERT INTO read_recoder_readnum VALUES(22,4,4,8);
INSERT INTO read_recoder_readnum VALUES(23,3,3,8);
INSERT INTO read_recoder_readnum VALUES(24,3,34,8);
INSERT INTO read_recoder_readnum VALUES(25,1,5,8);
INSERT INTO read_recoder_readnum VALUES(26,4,35,8);
INSERT INTO read_recoder_readnum VALUES(27,1,36,8);
CREATE TABLE IF NOT EXISTS "blog_blog" ("id" integer NOT NULL PRIMARY KEY AUTOINCREMENT, "title" varchar(50) NOT NULL, "content" text NOT NULL, "created_time" datetime NOT NULL, "last_update_time" datetime NOT NULL, "author_id" integer NOT NULL REFERENCES "auth_user" ("id") DEFERRABLE INITIALLY DEFERRED, "blog_type_id" integer NOT NULL REFERENCES "blog_blogtype" ("id") DEFERRABLE INITIALLY DEFERRED, "read_num" integer NOT NULL);
INSERT INTO blog_blog VALUES(1,'第一篇文章','你好Django','2018-04-08 14:01:44.605714','2018-04-08 14:01:44.605750',1,1,0);
INSERT INTO blog_blog VALUES(2,'第二篇',replace(replace('我有一个梦,  \r\nI have a dream!','\r',char(13)),'\n',char(10)),'2018-04-09 01:29:36.304855','2018-04-09 01:29:36.304908',1,2,0);
INSERT INTO blog_blog VALUES(3,'长内容博客',replace(replace('这是一个长内容博客\r\n歌曲：逍遥叹\r\n　　歌手：胡歌 专辑：仙剑奇侠传电视剧\r\n　　作曲: funck\r\n　　作词: funck\r\n　　编曲:屠颖\r\n　　岁月难得沉默秋风厌倦漂泊\r\n　　夕阳赖着不走挂在墙头舍不得我\r\n　　昔日伊人耳边话已和潮声向东流\r\n　　再回首往事也随枫叶一片片落\r\n　　爱已走到尽头恨也放弃承诺\r\n　　命运自认幽默想法太多由不得我\r\n　　壮志凌云几分愁知己难逢几人留\r\n　　再回首却闻笑传醉梦中\r\n　　笑谈词穷古痴今狂终成空\r\n　　刀钝刃乏恩断义绝梦方破\r\n　　路荒遗滩饱览足迹没人懂\r\n　　多年望眼欲穿过红尘滚滚我没看透\r\n　　词嘲墨尽千情万怨英杰愁\r\n　　曲终人散发花鬓白红颜殁\r\n　　烛残未觉与日争辉徒消瘦\r\n　　当泪干血隐狂涌白雪纷飞都成空\r\n　　爱已走到尽头恨也放弃承诺\r\n　　命运自认幽默想法态度由不得我\r\n　　壮志凌云几分愁知己难逢几人留\r\n　　再回首却闻笑传醉梦中\r\n　　笑谈词穷古痴今狂终成空\r\n　　刀钝刃乏恩断义绝梦方破\r\n　　路荒遗滩饱览足迹没人懂\r\n　　多年望眼欲穿过红尘滚滚我没看透\r\n　　自嘲末尽千情万缘已皆愁\r\n　　曲终人散发花鬓白红颜殁\r\n　　烛残未觉与日争辉徒消瘦\r\n　　当泪干血隐狂涌白雪纷飞都成空\r\n　　笑谈词穷古痴今狂终成空\r\n　　刀钝刃乏恩断义绝梦方破\r\n　　路荒遗滩饱览足迹没人懂\r\n　　多年望眼欲穿过红尘滚滚我没看透\r\n　　自嘲末尽千情万缘已皆愁\r\n　　曲终人散发花鬓白红颜殁\r\n　　烛残未觉与日争辉徒消瘦\r\n　　当泪干血隐狂涌白雪纷飞都成空','\r',char(13)),'\n',char(10)),'2018-04-09 01:48:43.139489','2018-04-09 01:48:43.139523',1,2,0);
INSERT INTO blog_blog VALUES(5,'shell的第一篇文章','shell文章的内容','2018-04-12 09:45:54.608672','2018-04-12 09:45:54.608832',1,1,0);
INSERT INTO blog_blog VALUES(6,'创建多篇文章for 2','文章内容 for 2 ','2018-04-12 09:53:02.381816','2018-04-12 09:53:02.381871',1,1,0);
INSERT INTO blog_blog VALUES(7,'创建多篇文章for 3','文章内容 for 3 ','2018-04-12 09:53:02.561387','2018-04-12 09:53:02.561476',1,1,0);
INSERT INTO blog_blog VALUES(8,'创建多篇文章for 4','文章内容 for 4 ','2018-04-12 09:53:02.683514','2018-04-12 09:53:02.683554',1,1,0);
INSERT INTO blog_blog VALUES(9,'创建多篇文章for 5','文章内容 for 5 ','2018-04-12 09:53:02.805449','2018-04-12 09:53:02.805491',1,1,0);
INSERT INTO blog_blog VALUES(10,'创建多篇文章for 6','文章内容 for 6 ','2018-04-12 09:53:02.933427','2018-04-12 09:53:02.933533',1,1,0);
INSERT INTO blog_blog VALUES(11,'创建多篇文章for 7','文章内容 for 7 ','2018-04-12 09:53:03.049530','2018-04-12 09:53:03.049569',1,1,0);
INSERT INTO blog_blog VALUES(12,'创建多篇文章for 8','文章内容 for 8 ','2018-04-12 09:53:03.171642','2018-04-12 09:53:03.171683',1,1,0);
INSERT INTO blog_blog VALUES(13,'创建多篇文章for 9','文章内容 for 9 ','2018-04-12 09:53:03.293761','2018-04-12 09:53:03.293808',1,1,0);
INSERT INTO blog_blog VALUES(14,'创建多篇文章for 10','文章内容 for 10 ','2018-04-12 09:53:03.471190','2018-04-12 09:53:03.471230',1,1,0);
INSERT INTO blog_blog VALUES(15,'创建多篇文章for 11','文章内容 for 11 ','2018-04-12 09:53:03.726358','2018-04-12 09:53:03.726396',1,1,0);
INSERT INTO blog_blog VALUES(16,'创建多篇文章for 12','文章内容 for 12 ','2018-04-12 09:53:03.859610','2018-04-12 09:53:03.859646',1,1,0);
INSERT INTO blog_blog VALUES(17,'创建多篇文章for 13','文章内容 for 13 ','2018-04-12 09:53:03.992756','2018-04-12 09:53:03.992799',1,1,0);
INSERT INTO blog_blog VALUES(18,'创建多篇文章for 14','文章内容 for 14 ','2018-04-12 09:53:04.125814','2018-04-12 09:53:04.125854',1,1,0);
INSERT INTO blog_blog VALUES(19,'创建多篇文章for 15','文章内容 for 15 ','2018-04-12 09:53:04.247914','2018-04-12 09:53:04.247953',1,1,0);
INSERT INTO blog_blog VALUES(20,'创建多篇文章for 16','文章内容 for 16 ','2018-04-12 09:53:04.381062','2018-04-12 09:53:04.381106',1,1,0);
INSERT INTO blog_blog VALUES(21,'创建多篇文章for 17','文章内容 for 17 ','2018-04-12 09:53:04.514163','2018-04-12 09:53:04.514202',1,1,0);
INSERT INTO blog_blog VALUES(22,'创建多篇文章for 18','文章内容 for 18 ','2018-04-12 09:53:04.647380','2018-04-12 09:53:04.647424',1,1,0);
INSERT INTO blog_blog VALUES(23,'创建多篇文章for 19','文章内容 for 19 ','2018-04-12 09:53:04.780584','2018-04-12 09:53:04.780645',1,1,0);
INSERT INTO blog_blog VALUES(24,'创建多篇文章for 20','文章内容 for 20 ','2018-04-12 09:53:04.902539','2018-04-12 09:53:04.902581',1,1,0);
INSERT INTO blog_blog VALUES(25,'创建多篇文章for 21','文章内容 for 21 ','2018-04-12 09:53:05.113423','2018-04-12 09:53:05.113465',1,1,0);
INSERT INTO blog_blog VALUES(26,'创建多篇文章for 22','文章内容 for 22 ','2018-04-12 09:53:05.235428','2018-04-12 09:53:05.235470',1,1,0);
INSERT INTO blog_blog VALUES(27,'创建多篇文章for 23','文章内容 for 23 ','2018-04-12 09:53:05.368746','2018-04-12 09:53:05.368798',1,1,0);
INSERT INTO blog_blog VALUES(28,'创建多篇文章for 24','文章内容 for 24 ','2018-04-12 09:53:05.501773','2018-04-12 09:53:05.501815',1,1,0);
INSERT INTO blog_blog VALUES(29,'创建多篇文章for 25','文章内容 for 25 ','2018-04-12 09:53:05.690355','2018-04-12 09:53:05.690428',1,1,0);
INSERT INTO blog_blog VALUES(30,'创建多篇文章for 26','文章内容 for 26 ','2018-04-12 09:53:05.812482','2018-04-12 09:53:05.812521',1,1,0);
INSERT INTO blog_blog VALUES(31,'创建多篇文章for 27','文章内容 for 27 ','2018-04-12 09:53:05.956681','2018-04-12 09:53:05.956725',1,1,0);
INSERT INTO blog_blog VALUES(32,'创建多篇文章for 28','文章内容 for 28 ','2018-04-12 09:53:06.100907','2018-04-16 09:13:15.818087',1,1,1);
INSERT INTO blog_blog VALUES(33,'创建多篇文章for 29',replace(replace('<p>文章内容 for 29</p>\r\n\r\n<p>&nbsp;</p>\r\n\r\n<p><img alt="" src="/media/upload/2018/04/16/bingxue-004.jpg" style="height:300px; width:400px" /></p>\r\n\r\n<p>&nbsp;</p>\r\n\r\n<p>&nbsp;</p>\r\n\r\n<p>&nbsp;</p>\r\n\r\n<p>上传</p>\r\n\r\n<p>&nbsp;</p>','\r',char(13)),'\n',char(10)),'2018-04-12 09:53:06.222995','2018-04-16 09:13:08.293003',1,1,26);
INSERT INTO blog_blog VALUES(34,'新的博客',replace(replace('<p>　　《道德经》全文</p>\r\n\r\n<p>01.道可道，非常道。名可名，非常名。无名天地之始。有名万物之母。故常无欲以观其妙。常有欲以观</p>\r\n\r\n<p>其徼。此两者同出而异名，同谓之玄。玄之又玄，众妙之门。</p>\r\n\r\n<p>&nbsp;</p>\r\n\r\n<p>02.天下皆知美之为美，斯恶矣；皆知善之为善，斯不善已。故有无相生，难易相成，长短相形，高下相</p>\r\n\r\n<p>倾，音声相和，前後相随。是以圣人处无为之事，行不言之教。万物作焉而不辞。生而不有，为而不恃，</p>\r\n\r\n<p>功成而弗居。夫唯弗居，是以不去。</p>\r\n\r\n<p>&nbsp;</p>\r\n\r\n<p>03.不尚贤， 使民不争。不贵难得之货，使民不为盗。不见可欲，使民心不乱。是以圣人之治，虚其心，</p>\r\n\r\n<p>实其腹，弱其志，强其骨；常使民无知、无欲，使夫智者不敢为也。为无为，则无不治。</p>\r\n\r\n<p>&nbsp;</p>\r\n\r\n<p>04.道冲而用之，或不盈。渊兮似万物之宗。解其纷，和其光，同其尘，湛兮似或存。吾不知谁之子，象</p>\r\n\r\n<p>帝之先。</p>\r\n\r\n<p>&nbsp;</p>\r\n\r\n<p>05.天地不仁，以万物为刍狗。圣人不仁，以百姓为刍狗。天地之间，其犹橐迭乎？虚而不屈，动而愈出</p>\r\n\r\n<p>。多言数穷，不如守中。</p>\r\n\r\n<p>&nbsp;</p>\r\n\r\n<p>06.谷神不死是谓玄牝。玄牝之门是谓天地根。绵绵若存，用之不勤。</p>\r\n\r\n<p>&nbsp;</p>\r\n\r\n<p>07.天长地久。天地所以能长且久者，以其不自生，故能长生。是以圣人後其身而身先，外其身而身存。</p>\r\n\r\n<p>非以其无私邪！故能成其私。</p>\r\n\r\n<p>&nbsp;</p>\r\n\r\n<p>08.上善若水。水善利万物而不争，处众人之所恶，故几於道。居善地，心善渊，与善仁，言善信，正善</p>\r\n\r\n<p>治，事善能，动善时。夫唯不争，故无尤。</p>','\r',char(13)),'\n',char(10)),'2018-09-13 12:03:05.530078','2018-09-13 12:03:05.530107',1,3,20);
INSERT INTO blog_blog VALUES(35,'笔记',replace(replace('<p>在原来环境中，项目根目录下，执行命令收集所有包&nbsp;</p>\r\n\r\n<pre>\r\npip freeze &gt; plist.txt </pre>\r\n\r\n<p>首先下载一个新虚拟环境，并且创建一个新的虚拟环境</p>\r\n\r\n<pre>\r\nsudo apt-get install python-virtualenv\r\npython -m venv  venv__ [虚拟环境名称]</pre>\r\n\r\n<p>使用新的虚拟化环境并检查当前的包</p>\r\n\r\n<pre>\r\nsource venv/bin/activate\r\npip list</pre>\r\n\r\n<p><img alt="" src="https://img2018.cnblogs.com/blog/1396803/201809/1396803-20180913212735866-22630015.png" /></p>\r\n\r\n<p>&nbsp;</p>\r\n\r\n<p>将 你的代码中除了 原虚拟环境之外的代码 拷贝到当前环境下，</p>\r\n\r\n<p><img alt="" src="https://img2018.cnblogs.com/blog/1396803/201809/1396803-20180913212843456-1434635886.png" /></p>\r\n\r\n<p>安装所需要的包</p>\r\n\r\n<pre>\r\npip install -r plist.txt</pre>\r\n\r\n<p>这个plist.txt 是 原来环境的包导出的包的版本号</p>\r\n\r\n<p>安装完毕后 查看当前虚拟环境中的 包</p>\r\n\r\n<p>pip list</p>\r\n\r\n<p><img alt="" src="https://img2018.cnblogs.com/blog/1396803/201809/1396803-20180913213503990-131730285.png" /></p>\r\n\r\n<p>然后就可以执行了</p>\r\n\r\n<pre>\r\npython3 manage.py runserver 8000\r\n然后在网页中输入 127.0.0.0:8000</pre>\r\n\r\n<p>设置成局域网来访问</p>\r\n\r\n<pre>\r\npython3 manage.py runserver 0.0.0.0:8000\r\n在网页中输入 你的ip和端口号  &times;&times;&times;&times;&times;&times;:8000</pre>\r\n\r\n<p>&nbsp;</p>\r\n\r\n<p>关闭虚拟环境</p>\r\n\r\n<p>deactivate</p>\r\n\r\n<p>&nbsp;</p>','\r',char(13)),'\n',char(10)),'2018-09-14 06:28:17.938668','2018-09-14 06:28:17.938705',3,1,0);
INSERT INTO blog_blog VALUES(36,'重写 复数类',replace(replace('<pre>\r\n<code class="language-cpp">编写复数类\r\n\r\n\r\n复制代码\r\n#include &lt;iostream&gt;\r\n//#include "Complex.h"\r\n#include "Complex.cpp"\r\nusing namespace std;\r\n// 需要注意的是 如果是在main中包含complex.cpp的话,就要在complex.cpp的函数\r\n// 写成内联函数, 并且在其中写上#include"Complex.h"  推荐\r\n// 或者在main中包含#include"Complex.h", 然后再complex.h中包含#include"Complex.cpp"\r\n\r\n// Complex类\r\nint main() {\r\n    std::cout &lt;&lt; "Hello, World!" &lt;&lt; std::endl;\r\n    Complex c(2, 3);\r\n    Complex c2(3, 4);\r\n    c += c2;\r\n    c -= c2;\r\n    Complex c3 = c2;  // 调用拷贝构造函数\r\n    c3 = c;    // 运算符重载\r\n    cout &lt;&lt; c3 &lt;&lt; endl;\r\n    Complex c4 = c + c2;\r\n    c2++;\r\n    cout &lt;&lt; c &lt;&lt; c2 &lt;&lt; endl;\r\n    c == c2;\r\n    cout &lt;&lt; sizeof(c)&lt;&lt;endl;   // 16个字节\r\n\r\n//    cout &lt;&lt; c.real() &lt;&lt; "i+"&lt;&lt; c.imge() &lt;&lt; endl;\r\n\r\n    return 0;\r\n}\r\n复制代码\r\n\r\n复制代码\r\n//\r\n// Created by lk on 18-5-28.\r\n//\r\n\r\n#ifndef HOUJIE_COMPLEX_H    // 防卫式声明\r\n#define HOUJIE_COMPLEX_H\r\n\r\n#include &lt;iostream&gt;\r\n\r\nclass Complex {\r\npublic:\r\n\r\n    Complex(double re = 0, double im = 0)\r\n            : re(re), im(im) {}\r\n\r\n    // 拷贝构造函数\r\n    Complex(const Complex &amp;obj)\r\n            : re(obj.re), im(obj.im) {}\r\n\r\n    Complex operator+(const Complex &amp;obj);\r\n\r\n    Complex operator-(const Complex &amp;obj);\r\n\r\n    Complex &amp;operator+=(const Complex &amp;obj);\r\n\r\n    Complex &amp;operator-=(const Complex &amp;obj);\r\n\r\n    bool operator==(const Complex &amp;obj);\r\n\r\n    Complex &amp;operator--();\r\n\r\n    Complex &amp;operator++();\r\n\r\n    Complex operator--(int);\r\n\r\n    Complex operator++(int);\r\n\r\n\r\n    double real() { return re; }\r\n\r\n    double imge() { return im; }\r\n\r\nprivate:\r\n    double re;\r\n    double im;\r\n\r\n    friend std::ostream &amp;operator&lt;&lt;(std::ostream &amp;os, Complex &amp;obj);\r\n\r\n};\r\n\r\n\r\n#endif //HOUJIE_COMPLEX_H\r\n复制代码\r\n\r\n复制代码\r\n//\r\n// Created by lk on 18-5-28.\r\n//\r\n\r\n#include "Complex.h"\r\n#include &lt;iostream&gt;\r\ninline\r\nComplex &amp;Complex::operator+=(const Complex &amp;obj) {\r\n    this-&gt;re += obj.re;\r\n    this-&gt;im += obj.im;\r\n    return *this;\r\n}\r\ninline\r\nComplex &amp;Complex::operator-=(const Complex &amp;obj) {\r\n    this-&gt;im -= obj.im;\r\n    this-&gt;re -= obj.re;\r\n    return *this;\r\n}\r\n\r\n// 前置--  --c\r\ninline\r\nComplex &amp;Complex::operator--() {\r\n    this-&gt;im--;\r\n    this-&gt;re--;\r\n    return *this;\r\n}\r\n\r\n// 前置++ ++c\r\ninline\r\nComplex &amp;Complex::operator++() {\r\n    this-&gt;im++;\r\n    this-&gt;re++;\r\n    return *this;\r\n}\r\n\r\n// 后置--  因为后置返回的是一个副本所以不用返回引用 c--\r\ninline\r\nComplex Complex::operator--(int) {\r\n    Complex tem = *this;\r\n    this-&gt;im--;\r\n    this-&gt;re--;\r\n    return tem;\r\n}\r\n\r\n// 后置++ c++\r\ninline\r\nComplex Complex::operator++(int) {\r\n    Complex tem = *this;\r\n    this-&gt;im++;\r\n    this-&gt;re++;\r\n    return tem;\r\n}\r\n\r\n// 重载+  调用者 c+c2\r\n// 这是类内函数, 用一个参数, 如果是类外的就要用两个参数\r\ninline\r\nComplex Complex::operator+(const Complex &amp;obj) {\r\n    return Complex(this-&gt;im + obj.im, this-&gt;re + obj.re);\r\n}\r\n\r\n\r\n// 重载-  调用者 c-c2\r\ninline\r\nComplex Complex::operator-(const Complex &amp;obj) {\r\n    Complex tem(this-&gt;im - obj.im, this-&gt;re - obj.re);\r\n    return tem;\r\n}\r\n\r\n// 重载 == c == c2\r\ninline\r\nbool Complex::operator==(const Complex &amp;obj) {\r\n    return (this-&gt;im == obj.im &amp;&amp; this-&gt;re == obj.re);\r\n}\r\n\r\n// 重载&lt;&lt; cout &lt;&lt; c\r\ninline\r\nstd::ostream &amp;\r\noperator&lt;&lt;(std::ostream &amp;os, Complex &amp;obj) {\r\n    return os &lt;&lt; obj.re &lt;&lt; obj.im;\r\n}\r\n复制代码</code></pre>\r\n\r\n<p>&nbsp;</p>','\r',char(13)),'\n',char(10)),'2018-09-14 06:41:08.387942','2018-09-14 06:41:08.387993',1,4,2);
CREATE TABLE IF NOT EXISTS "read_recoder_readdetail" ("id" integer NOT NULL PRIMARY KEY AUTOINCREMENT, "date" date NOT NULL, "read_num" integer NOT NULL, "object_id" integer unsigned NOT NULL, "content_type_id" integer NOT NULL REFERENCES "django_content_type" ("id") DEFERRABLE INITIALLY DEFERRED);
INSERT INTO read_recoder_readdetail VALUES(1,'2018-04-17',5,32,8);
INSERT INTO read_recoder_readdetail VALUES(2,'2018-04-17',1,29,8);
INSERT INTO read_recoder_readdetail VALUES(3,'2018-04-17',1,28,8);
INSERT INTO read_recoder_readdetail VALUES(4,'2018-04-17',1,33,8);
INSERT INTO read_recoder_readdetail VALUES(5,'2018-04-17',1,30,8);
INSERT INTO read_recoder_readdetail VALUES(6,'2018-04-17',1,31,8);
INSERT INTO read_recoder_readdetail VALUES(7,'2018-04-17',1,18,8);
INSERT INTO read_recoder_readdetail VALUES(8,'2018-04-17',1,2,8);
INSERT INTO read_recoder_readdetail VALUES(10,'2018-04-18',1,20,8);
INSERT INTO read_recoder_readdetail VALUES(11,'2018-04-18',1,16,8);
INSERT INTO read_recoder_readdetail VALUES(12,'2018-04-18',2,13,8);
INSERT INTO read_recoder_readdetail VALUES(13,'2018-04-19',1,21,8);
INSERT INTO read_recoder_readdetail VALUES(14,'2018-04-19',1,17,8);
INSERT INTO read_recoder_readdetail VALUES(15,'2018-04-19',1,33,8);
INSERT INTO read_recoder_readdetail VALUES(16,'2018-04-19',1,32,8);
INSERT INTO read_recoder_readdetail VALUES(17,'2018-04-19',1,29,8);
INSERT INTO read_recoder_readdetail VALUES(18,'2018-04-19',1,30,8);
INSERT INTO read_recoder_readdetail VALUES(19,'2018-04-19',2,28,8);
INSERT INTO read_recoder_readdetail VALUES(20,'2018-04-19',1,7,8);
INSERT INTO read_recoder_readdetail VALUES(21,'2018-04-19',1,22,8);
INSERT INTO read_recoder_readdetail VALUES(22,'2018-04-19',7,23,8);
INSERT INTO read_recoder_readdetail VALUES(23,'2018-04-19',1,24,8);
INSERT INTO read_recoder_readdetail VALUES(24,'2018-04-19',1,25,8);
INSERT INTO read_recoder_readdetail VALUES(25,'2018-04-19',1,26,8);
INSERT INTO read_recoder_readdetail VALUES(26,'2018-04-19',2,27,8);
INSERT INTO read_recoder_readdetail VALUES(27,'2018-04-22',1,23,8);
INSERT INTO read_recoder_readdetail VALUES(28,'2018-04-22',1,32,8);
INSERT INTO read_recoder_readdetail VALUES(29,'2018-04-22',1,33,8);
INSERT INTO read_recoder_readdetail VALUES(30,'2018-04-22',1,30,8);
INSERT INTO read_recoder_readdetail VALUES(31,'2018-04-23',2,23,8);
INSERT INTO read_recoder_readdetail VALUES(32,'2018-04-23',2,33,8);
INSERT INTO read_recoder_readdetail VALUES(33,'2018-04-23',2,30,8);
INSERT INTO read_recoder_readdetail VALUES(34,'2018-04-23',1,29,8);
INSERT INTO read_recoder_readdetail VALUES(35,'2018-04-23',1,32,8);
INSERT INTO read_recoder_readdetail VALUES(36,'2018-09-12',2,33,8);
INSERT INTO read_recoder_readdetail VALUES(37,'2018-09-12',1,28,8);
INSERT INTO read_recoder_readdetail VALUES(38,'2018-09-12',1,29,8);
INSERT INTO read_recoder_readdetail VALUES(39,'2018-09-12',1,32,8);
INSERT INTO read_recoder_readdetail VALUES(40,'2018-09-12',1,31,8);
INSERT INTO read_recoder_readdetail VALUES(41,'2018-09-13',4,29,8);
INSERT INTO read_recoder_readdetail VALUES(42,'2018-09-13',6,33,8);
INSERT INTO read_recoder_readdetail VALUES(43,'2018-09-13',5,32,8);
INSERT INTO read_recoder_readdetail VALUES(44,'2018-09-13',2,31,8);
INSERT INTO read_recoder_readdetail VALUES(45,'2018-09-13',1,23,8);
INSERT INTO read_recoder_readdetail VALUES(46,'2018-09-13',1,24,8);
INSERT INTO read_recoder_readdetail VALUES(48,'2018-09-13',2,3,8);
INSERT INTO read_recoder_readdetail VALUES(49,'2018-09-13',1,27,8);
INSERT INTO read_recoder_readdetail VALUES(50,'2018-09-13',3,34,8);
INSERT INTO read_recoder_readdetail VALUES(51,'2018-09-13',1,5,8);
INSERT INTO read_recoder_readdetail VALUES(53,'2018-09-14',1,33,8);
INSERT INTO read_recoder_readdetail VALUES(54,'2018-09-14',1,29,8);
INSERT INTO read_recoder_readdetail VALUES(55,'2018-09-14',1,3,8);
INSERT INTO read_recoder_readdetail VALUES(56,'2018-09-14',4,35,8);
INSERT INTO read_recoder_readdetail VALUES(57,'2018-09-14',1,36,8);
CREATE TABLE IF NOT EXISTS "my_cache_table" (
    "cache_key" varchar(255) NOT NULL PRIMARY KEY,
    "value" text NOT NULL,
    "expires" datetime NOT NULL
);
INSERT INTO my_cache_table VALUES(':1:hot_blogs_for_days_key','gASVWgsAAAAAAACMFmRqYW5nby5kYi5tb2RlbHMucXVlcnmUjAhRdWVyeVNldJSTlCmBlH2UKIwGX2hpbnRzlH2UjApfZm9yX3dyaXRllImMD19kamFuZ29fdmVyc2lvbpSMBTIuMS4xlIwOX3ByZWZldGNoX2RvbmWUiYwFbW9kZWyUjAtibG9nLm1vZGVsc5SMBEJsb2eUk5SMD19pdGVyYWJsZV9jbGFzc5RoAIwOVmFsdWVzSXRlcmFibGWUk5SMDl9zdGlja3lfZmlsdGVylImMFl9rbm93bl9yZWxhdGVkX29iamVjdHOUfZSMGV9wcmVmZXRjaF9yZWxhdGVkX2xvb2t1cHOUKYwNX3Jlc3VsdF9jYWNoZZRdlCh9lCiMBXRpdGxllIwY5Yib5bu65aSa56+H5paH56ugZm9yIDI5lIwCaWSUSyGMDHJlYWRfbnVtX3N1bZRLCHV9lChoGYwY5Yib5bu65aSa56+H5paH56ugZm9yIDI4lGgbSyBoHEsGdX2UKGgZjBjliJvlu7rlpJrnr4fmlofnq6Bmb3IgMjWUaBtLHWgcSwV1fZQoaBmMGOWIm+W7uuWkmuevh+aWh+eroGZvciAyN5RoG0sfaBxLA3V9lChoGYwM5paw55qE5Y2a5a6ilGgbSyJoHEsDdX2UKGgZjA/plb/lhoXlrrnljZrlrqKUaBtLA2gcSwJ1fZQoaBmMF3NoZWxs55qE56ys5LiA56+H5paH56uglGgbSwVoHEsBdWWMA19kYpROjAdfZmllbGRzlGgbaBmGlIwFcXVlcnmUjBpkamFuZ28uZGIubW9kZWxzLnNxbC5xdWVyeZSMBVF1ZXJ5lJOUKYGUfZQojBBleHRlcm5hbF9hbGlhc2VzlI+UjBZhbm5vdGF0aW9uX3NlbGVjdF9tYXNrlI+UKGgckIwQZmlsdGVyX2lzX3N0aWNreZSJjAltYXhfZGVwdGiUSwWMDmV4cGxhaW5fZm9ybWF0lE6MDXZhbHVlc19zZWxlY3SUaBtoGYaUjA5jb21iaW5hdG9yX2FsbJSJjAhncm91cF9ieZSMHGRqYW5nby5kYi5tb2RlbHMuZXhwcmVzc2lvbnOUjANDb2yUk5QpgZR9lCiMDG91dHB1dF9maWVsZJSMF2RqYW5nby5kYi5tb2RlbHMuZmllbGRzlIwLX2xvYWRfZmllbGSUk5SMBGJsb2eUaA1oG4eUUpSMEmNvbnRhaW5zX2FnZ3JlZ2F0ZZSJjAVhbGlhc5SMCWJsb2dfYmxvZ5SMEV9jb25zdHJ1Y3Rvcl9hcmdzlGhLaEiGlH2UhpSMBnRhcmdldJRoSHViaD8pgZR9lChoQmhFaEZoDWgZh5RSlGhKaEtoTGhLaFSGlH2UhpRoUGhUdWKGlIwIZGlzdGluY3SUiYwRZXh0cmFfc2VsZWN0X21hc2uUj5SMEXNlbGVjdF9mb3JfdXBkYXRllImMEXN0YW5kYXJkX29yZGVyaW5nlIiMD2Rpc3RpbmN0X2ZpZWxkc5QpjBNfZmlsdGVyZWRfcmVsYXRpb25zlH2UjBhfYW5ub3RhdGlvbl9zZWxlY3RfY2FjaGWUjAtjb2xsZWN0aW9uc5SMC09yZGVyZWREaWN0lJOUKVKUaByMG2RqYW5nby5kYi5tb2RlbHMuYWdncmVnYXRlc5SMA1N1bZSTlCmBlH2UKGhCaEWMDHJlYWRfcmVjb2RlcpSMClJlYWREZXRhaWyUjAhyZWFkX251bZSHlFKUjBJzb3VyY2VfZXhwcmVzc2lvbnOUXZRoPymBlH2UKGhCaG+MFV9vdXRwdXRfZmllbGRfb3Jfbm9uZZRob2hJiWhKjBdyZWFkX3JlY29kZXJfcmVhZGRldGFpbJRoTGh1aG+GlH2UhpRoUGhvdWJhjAppc19zdW1tYXJ5lIloTIwWcmVhZF9kZXRhaWxzX19yZWFkX251bZSFlH2UhpSMBWV4dHJhlH2UjAZmaWx0ZXKUTnVic4wMdXNlZF9hbGlhc2VzlI+UjBhzZWxlY3RfZm9yX3VwZGF0ZV9ub3dhaXSUiYwGX2V4dHJhlE6MHXNlbGVjdF9mb3JfdXBkYXRlX3NraXBfbG9ja2VklImMCWhpZ2hfbWFya5RLB4wQZGVmZXJyZWRfbG9hZGluZ5QokZSIhpSMDGRlZmF1bHRfY29sc5SJjA5leHRyYV9vcmRlcl9ieZQpjAlhbGlhc19tYXCUaGQpUpQoaEuMI2RqYW5nby5kYi5tb2RlbHMuc3FsLmRhdGFzdHJ1Y3R1cmVzlIwJQmFzZVRhYmxllJOUKYGUfZQojAp0YWJsZV9uYW1llGhLjAt0YWJsZV9hbGlhc5RoS3ViaHVojowESm9pbpSTlCmBlH2UKIwMcGFyZW50X2FsaWFzlGhLaJRodWiTaHWMCWpvaW5fdHlwZZSMCklOTkVSIEpPSU6UjBFmaWx0ZXJlZF9yZWxhdGlvbpROjAhudWxsYWJsZZSIjApqb2luX2ZpZWxklIwiZGphbmdvLmNvbnRyaWIuY29udGVudHR5cGVzLmZpZWxkc5SMCkdlbmVyaWNSZWyUk5QpgZR9lCiMCG11bHRpcGxllIiMDHJlbGF0ZWRfbmFtZZSMASuUjAtwYXJlbnRfbGlua5SJjBBsaW1pdF9jaG9pY2VzX3RvlH2UjAVmaWVsZJRoRWhGaA2MDHJlYWRfZGV0YWlsc5SHlFKUjAtzeW1tZXRyaWNhbJSJaAuME3JlYWRfcmVjb2Rlci5tb2RlbHOUaGyTlIwJb25fZGVsZXRllIwZZGphbmdvLmRiLm1vZGVscy5kZWxldGlvbpSMCkRPX05PVEhJTkeUk5SMEnJlbGF0ZWRfcXVlcnlfbmFtZZROdWKMCWpvaW5fY29sc5RoG4wJb2JqZWN0X2lklIaUhZR1YnWMDV9sb29rdXBfam9pbnOUXZQoaEtodWWMDF9hbm5vdGF0aW9uc5RoZClSlGgcaGlzjAl0YWJsZV9tYXCUfZQoaEtdlGhLYWh1XZRodWF1jAZzZWxlY3SUaEBoUYaUjBBjb21iaW5lZF9xdWVyaWVzlCmMCmNvbWJpbmF0b3KUTowIb3JkZXJfYnmUjA0tcmVhZF9udW1fc3VtlIWUjBBkZWZhdWx0X29yZGVyaW5nlIiMDmFsaWFzX3JlZmNvdW50lH2UKGhLSwRodUsDdYwIc3VicXVlcnmUiYwIbG93X21hcmuUSwCMBXdoZXJllIwaZGphbmdvLmRiLm1vZGVscy5zcWwud2hlcmWUjAlXaGVyZU5vZGWUk5QpgZR9lCiMCWNvbm5lY3RvcpSMA0FORJRoSYmMB25lZ2F0ZWSUiYwIY2hpbGRyZW6UXZQojBhkamFuZ28uZGIubW9kZWxzLmxvb2t1cHOUjBJHcmVhdGVyVGhhbk9yRXF1YWyUk5QpgZR9lChoSYmMA2xoc5RoPymBlH2UKGhCaEVoa2hsjARkYXRllIeUUpRoSYloSmh1aExodWjjhpR9lIaUaFBo43VijBRiaWxhdGVyYWxfdHJhbnNmb3Jtc5RdlIwDcmhzlIwIZGF0ZXRpbWWUjARkYXRllJOUQwQH4gkHlIWUUpR1YmjZjAhMZXNzVGhhbpSTlCmBlH2UKGhJiWjeaN9o512UaOlo7EMEB+IJDpSFlFKUdWJldWKMDnNlbGVjdF9yZWxhdGVklImME19leHRyYV9zZWxlY3RfY2FjaGWUTowNZXhwbGFpbl9xdWVyeZSJjAt3aGVyZV9jbGFzc5Ro0WgLaA6MFHNlbGVjdF9mb3JfdXBkYXRlX29mlCmMDGV4dHJhX3RhYmxlc5QpjA9leHBsYWluX29wdGlvbnOUfZR1YnViLg==','2018-09-14 06:52:41');
CREATE TABLE IF NOT EXISTS "comment_comment" ("id" integer NOT NULL PRIMARY KEY AUTOINCREMENT, "object_id" integer unsigned NOT NULL, "comment_time" datetime NOT NULL, "comment_people_id" integer NULL REFERENCES "auth_user" ("id") DEFERRABLE INITIALLY DEFERRED, "content_type_id" integer NOT NULL REFERENCES "django_content_type" ("id") DEFERRABLE INITIALLY DEFERRED, "text" text NOT NULL);
INSERT INTO comment_comment VALUES(4,23,'2018-04-19 11:42:27.645241',1,8,'1223');
INSERT INTO comment_comment VALUES(5,23,'2018-04-19 11:44:19.422947',1,8,'双方的发生的');
INSERT INTO comment_comment VALUES(6,23,'2018-04-19 11:46:45.368757',1,8,'点的');
INSERT INTO comment_comment VALUES(7,27,'2018-04-19 12:47:32.454783',1,8,'你好');
INSERT INTO comment_comment VALUES(8,33,'2018-04-20 03:05:53.138877',1,8,'111');
INSERT INTO comment_comment VALUES(9,32,'2018-04-22 07:16:19.380398',1,8,'你好');
INSERT INTO comment_comment VALUES(10,32,'2018-04-22 07:16:28.146920',1,8,'你不好');
INSERT INTO comment_comment VALUES(11,30,'2018-04-23 03:22:10.423681',1,8,'weer');
INSERT INTO comment_comment VALUES(12,29,'2018-09-12 12:40:00.639387',3,8,'ijkjj');
INSERT INTO comment_comment VALUES(13,31,'2018-09-12 12:48:40.638176',1,8,'sdf');
INSERT INTO comment_comment VALUES(14,33,'2018-09-13 11:00:12.549418',1,8,'ssfdsdf');
INSERT INTO comment_comment VALUES(15,34,'2018-09-13 12:03:41.870181',1,8,'写的真好');
INSERT INTO comment_comment VALUES(16,32,'2018-09-13 12:04:26.834237',1,8,'真好');
INSERT INTO comment_comment VALUES(17,34,'2018-09-13 12:39:18.082304',4,8,'测试');
INSERT INTO comment_comment VALUES(18,34,'2018-09-13 12:47:15.039791',4,8,'2');
INSERT INTO comment_comment VALUES(19,33,'2018-09-13 12:57:35.734891',1,8,'sdf');
INSERT INTO comment_comment VALUES(20,34,'2018-09-13 13:11:39.899497',1,8,'1212');
INSERT INTO comment_comment VALUES(21,34,'2018-09-13 13:23:06.852450',3,8,'没有毛病');
INSERT INTO comment_comment VALUES(22,34,'2018-09-13 13:24:09.487185',5,8,'没有毛病');
INSERT INTO comment_comment VALUES(23,34,'2018-09-14 02:50:36.453530',3,8,'1111');
INSERT INTO comment_comment VALUES(24,4,'2018-09-14 05:55:08.873896',3,8,'是对方答复是');
INSERT INTO comment_comment VALUES(25,33,'2018-09-14 05:56:59.304009',3,8,'是否健康水立方');
INSERT INTO comment_comment VALUES(26,35,'2018-09-14 06:30:25.262652',6,8,'123');
DELETE FROM sqlite_sequence;
INSERT INTO sqlite_sequence VALUES('django_migrations',28);
INSERT INTO sqlite_sequence VALUES('django_admin_log',34);
INSERT INTO sqlite_sequence VALUES('django_content_type',11);
INSERT INTO sqlite_sequence VALUES('auth_permission',36);
INSERT INTO sqlite_sequence VALUES('auth_user',6);
INSERT INTO sqlite_sequence VALUES('blog_blogtype',5);
INSERT INTO sqlite_sequence VALUES('blog_blog',36);
INSERT INTO sqlite_sequence VALUES('read_recoder_readnum',27);
INSERT INTO sqlite_sequence VALUES('read_recoder_readdetail',57);
INSERT INTO sqlite_sequence VALUES('comment_comment',26);
CREATE UNIQUE INDEX auth_group_permissions_group_id_permission_id_0cd325b0_uniq ON "auth_group_permissions" ("group_id", "permission_id");
CREATE INDEX "auth_group_permissions_group_id_b120cbf9" ON "auth_group_permissions" ("group_id");
CREATE INDEX "auth_group_permissions_permission_id_84c5c92e" ON "auth_group_permissions" ("permission_id");
CREATE UNIQUE INDEX auth_user_groups_user_id_group_id_94350c0c_uniq ON "auth_user_groups" ("user_id", "group_id");
CREATE INDEX "auth_user_groups_user_id_6a12ed8b" ON "auth_user_groups" ("user_id");
CREATE INDEX "auth_user_groups_group_id_97559544" ON "auth_user_groups" ("group_id");
CREATE UNIQUE INDEX auth_user_user_permissions_user_id_permission_id_14a6b632_uniq ON "auth_user_user_permissions" ("user_id", "permission_id");
CREATE INDEX "auth_user_user_permissions_user_id_a95ead1b" ON "auth_user_user_permissions" ("user_id");
CREATE INDEX "auth_user_user_permissions_permission_id_1fbb5f2c" ON "auth_user_user_permissions" ("permission_id");
CREATE INDEX "django_admin_log_content_type_id_c4bce8eb" ON "django_admin_log" ("content_type_id");
CREATE INDEX "django_admin_log_user_id_c564eba6" ON "django_admin_log" ("user_id");
CREATE UNIQUE INDEX django_content_type_app_label_model_76bd3d3b_uniq ON "django_content_type" ("app_label", "model");
CREATE UNIQUE INDEX auth_permission_content_type_id_codename_01ab375a_uniq ON "auth_permission" ("content_type_id", "codename");
CREATE INDEX "auth_permission_content_type_id_2f476e4b" ON "auth_permission" ("content_type_id");
CREATE INDEX "django_session_expire_date_a5c62663" ON "django_session" ("expire_date");
CREATE INDEX "read_recoder_read_num_content_type_id_35deb166" ON "read_recoder_readnum" ("content_type_id");
CREATE INDEX "blog_blog_author_id_8791af69" ON "blog_blog" ("author_id");
CREATE INDEX "blog_blog_blog_type_id_de11bd65" ON "blog_blog" ("blog_type_id");
CREATE INDEX "read_recoder_readdetail_content_type_id_10f1ab62" ON "read_recoder_readdetail" ("content_type_id");
CREATE INDEX "my_cache_table_expires" ON "my_cache_table" ("expires");
CREATE INDEX "comment_comment_comment_people_id_6bbcba2a" ON "comment_comment" ("comment_people_id");
CREATE INDEX "comment_comment_content_type_id_fbfb9793" ON "comment_comment" ("content_type_id");
COMMIT;
